{
  "frames": {
    "unknown": {
      "frame": { "x": 32, "y": 32, "w": 32, "h": 32 },
      "rotated": false,
      "trimmed": false,
      "spriteSourceSize": { "x": 0, "y": 0, "w": 32, "h": 32 },
      "sourceSize": { "w": 32, "h": 32 },
      "pivot": { "x": 0, "y": 0 }
    },
    "transparent": {
      "frame": { "x": 128, "y": 32, "w": 32, "h": 32 },
      "rotated": false,
      "trimmed": false,
      "spriteSourceSize": { "x": 0, "y": 0, "w": 32, "h": 32 },
      "sourceSize": { "w": 32, "h": 32 },
      "pivot": { "x": 0, "y": 0 }
    },
    "fools_gold": {
      "frame": { "x": 160, "y": 32, "w": 32, "h": 32 },
      "rotated": false,
      "trimmed": false,
      "spriteSourceSize": { "x": 0, "y": 0, "w": 32, "h": 32 },
      "sourceSize": { "w": 32, "h": 32 },
      "pivot": { "x": 0, "y": 0 }
    },
    "dirt1": {
      "frame": { "x": 224, "y": 0, "w": 32, "h": 32 },
      "rotated": false,
      "trimmed": false,
      "spriteSourceSize": { "x": 0, "y": 0, "w": 32, "h": 32 },
      "sourceSize": { "w": 32, "h": 32 },
      "pivot": { "x": 0, "y": 0 }
    },
    "wall": {
      "frame": { "x": 256, "y": 0, "w": 32, "h": 32 },
      "rotated": false,
      "trimmed": false,
      "spriteSourceSize": { "x": 0, "y": 0, "w": 32, "h": 32 },
      "sourceSize": { "w": 32, "h": 32 },
      "pivot": { "x": 0, "y": 0 }
    },
    "gold": {
      "frame": { "x": 0, "y": 32, "w": 32, "h": 32 },
      "rotated": false,
      "trimmed": false,
      "spriteSourceSize": { "x": 0, "y": 0, "w": 32, "h": 32 },
      "sourceSize": { "w": 32, "h": 32 },
      "pivot": { "x": 0, "y": 0 }
    },
    "ruby": {
      "frame": { "x": 64, "y": 32, "w": 32, "h": 32 },
      "rotated": false,
      "trimmed": false,
      "spriteSourceSize": { "x": 0, "y": 0, "w": 32, "h": 32 },
      "sourceSize": { "w": 32, "h": 32 },
      "pivot": { "x": 0, "y": 0 }
    },
    "sapphire": {
      "frame": { "x": 96, "y": 32, "w": 32, "h": 32 },
      "rotated": false,
      "trimmed": false,
      "spriteSourceSize": { "x": 0, "y": 0, "w": 32, "h": 32 },
      "sourceSize": { "w": 32, "h": 32 },
      "pivot": { "x": 0, "y": 0 }

    },
    "emerald": {
      "frame": { "x": 32, "y": 32, "w": 32, "h": 32 },
      "rotated": false,
      "trimmed": false,
      "spriteSourceSize": { "x": 0, "y": 0, "w": 32, "h": 32 },
      "sourceSize": { "w": 32, "h": 32 },
      "pivot": { "x": 0, "y": 0 }
    }
  }
}
